{"cameraMode":{"drawMode":0,"name":"Shaded","section":"Shading Mode"},"sceneLighting":true,"audioPlay":false,"sceneViewState":{"m_AlwaysRefresh":false,"showFog":true,"showSkybox":true,"showFlares":true,"showImageEffects":true,"showParticleSystems":true,"showVisualEffectGraphs":true,"m_FxEnabled":true},"in2DMode":false,"pivot":{"x":-10.225774765014649,"y":19.058544158935548,"z":23.92068099975586},"rotation":{"x":-0.024880005046725274,"y":0.9027745723724365,"z":-0.4264375865459442,"w":-0.051998384296894076},"size":0.39385107159614565,"orthographic":false}